experiment_name,run_name,dataset_name,run_number,execution_time_ms,n,t,nx,timestamp
step_size_fixed,aberth_050,rootfind_stepsize_050,1,4907.638,10,30,3,2025-08-21 19:22:56
step_size_fixed,aberth_050,rootfind_stepsize_050,2,3699.954,10,30,3,2025-08-21 19:23:00
step_size_fixed,aberth_050,rootfind_stepsize_050,3,3738.903,10,30,3,2025-08-21 19:23:04
step_size_fixed,aberth_050,rootfind_stepsize_050,4,3724.410,10,30,3,2025-08-21 19:23:08
step_size_fixed,aberth_050,rootfind_stepsize_050,5,3469.985,10,30,3,2025-08-21 19:23:11
step_size_fixed,aberth_050,rootfind_stepsize_050,6,3700.629,10,30,3,2025-08-21 19:23:15
step_size_fixed,aberth_050,rootfind_stepsize_050,7,3519.352,10,30,3,2025-08-21 19:23:18
step_size_fixed,aberth_050,rootfind_stepsize_050,8,3485.545,10,30,3,2025-08-21 19:23:22
step_size_fixed,aberth_050,rootfind_stepsize_050,9,3526.913,10,30,3,2025-08-21 19:23:25
step_size_fixed,aberth_050,rootfind_stepsize_050,10,3441.886,10,30,3,2025-08-21 19:23:29
step_size_fixed,aberth_050,rootfind_stepsize_050,11,3399.600,10,30,3,2025-08-21 19:23:32
step_size_fixed,aberth_050,rootfind_stepsize_050,12,3390.979,10,30,3,2025-08-21 19:23:36
step_size_fixed,aberth_050,rootfind_stepsize_050,13,3399.695,10,30,3,2025-08-21 19:23:39
step_size_fixed,aberth_050,rootfind_stepsize_050,14,3423.907,10,30,3,2025-08-21 19:23:42
step_size_fixed,aberth_050,rootfind_stepsize_050,15,3409.844,10,30,3,2025-08-21 19:23:46
step_size_fixed,aberth_050,rootfind_stepsize_050,16,3409.536,10,30,3,2025-08-21 19:23:49
step_size_fixed,aberth_050,rootfind_stepsize_050,17,3417.378,10,30,3,2025-08-21 19:23:53
step_size_fixed,aberth_050,rootfind_stepsize_050,18,3447.589,10,30,3,2025-08-21 19:23:56
step_size_fixed,aberth_050,rootfind_stepsize_050,19,3394.751,10,30,3,2025-08-21 19:23:59
step_size_fixed,aberth_050,rootfind_stepsize_050,20,3417.543,10,30,3,2025-08-21 19:24:03
step_size_fixed,aberth_075,rootfind_stepsize_075,1,4696.390,10,30,3,2025-08-21 19:24:18
step_size_fixed,aberth_075,rootfind_stepsize_075,2,3586.217,10,30,3,2025-08-21 19:24:22
step_size_fixed,aberth_075,rootfind_stepsize_075,3,3510.393,10,30,3,2025-08-21 19:24:25
step_size_fixed,aberth_075,rootfind_stepsize_075,4,3507.000,10,30,3,2025-08-21 19:24:29
step_size_fixed,aberth_075,rootfind_stepsize_075,5,3563.625,10,30,3,2025-08-21 19:24:32
step_size_fixed,aberth_075,rootfind_stepsize_075,6,3648.385,10,30,3,2025-08-21 19:24:36
step_size_fixed,aberth_075,rootfind_stepsize_075,7,3573.217,10,30,3,2025-08-21 19:24:39
step_size_fixed,aberth_075,rootfind_stepsize_075,8,3567.168,10,30,3,2025-08-21 19:24:43
step_size_fixed,aberth_075,rootfind_stepsize_075,9,3526.167,10,30,3,2025-08-21 19:24:46
step_size_fixed,aberth_075,rootfind_stepsize_075,10,3615.657,10,30,3,2025-08-21 19:24:50
step_size_fixed,aberth_075,rootfind_stepsize_075,11,3593.165,10,30,3,2025-08-21 19:24:54
step_size_fixed,aberth_075,rootfind_stepsize_075,12,3563.654,10,30,3,2025-08-21 19:24:57
step_size_fixed,aberth_075,rootfind_stepsize_075,13,3575.607,10,30,3,2025-08-21 19:25:01
step_size_fixed,aberth_075,rootfind_stepsize_075,14,3609.846,10,30,3,2025-08-21 19:25:04
step_size_fixed,aberth_075,rootfind_stepsize_075,15,3563.237,10,30,3,2025-08-21 19:25:08
step_size_fixed,aberth_075,rootfind_stepsize_075,16,3562.461,10,30,3,2025-08-21 19:25:12
step_size_fixed,aberth_075,rootfind_stepsize_075,17,3478.770,10,30,3,2025-08-21 19:25:15
step_size_fixed,aberth_075,rootfind_stepsize_075,18,3565.900,10,30,3,2025-08-21 19:25:19
step_size_fixed,aberth_075,rootfind_stepsize_075,19,3578.472,10,30,3,2025-08-21 19:25:22
step_size_fixed,aberth_075,rootfind_stepsize_075,20,3608.652,10,30,3,2025-08-21 19:25:26
step_size_fixed,aberth_100,rootfind_stepsize_100,1,4903.280,10,30,3,2025-08-21 19:25:41
step_size_fixed,aberth_100,rootfind_stepsize_100,2,3606.299,10,30,3,2025-08-21 19:25:45
step_size_fixed,aberth_100,rootfind_stepsize_100,3,3608.234,10,30,3,2025-08-21 19:25:48
step_size_fixed,aberth_100,rootfind_stepsize_100,4,3666.661,10,30,3,2025-08-21 19:25:52
step_size_fixed,aberth_100,rootfind_stepsize_100,5,3837.809,10,30,3,2025-08-21 19:25:56
step_size_fixed,aberth_100,rootfind_stepsize_100,6,3709.701,10,30,3,2025-08-21 19:26:00
step_size_fixed,aberth_100,rootfind_stepsize_100,7,3620.348,10,30,3,2025-08-21 19:26:03
step_size_fixed,aberth_100,rootfind_stepsize_100,8,3691.836,10,30,3,2025-08-21 19:26:07
step_size_fixed,aberth_100,rootfind_stepsize_100,9,3611.839,10,30,3,2025-08-21 19:26:10
step_size_fixed,aberth_100,rootfind_stepsize_100,10,3689.672,10,30,3,2025-08-21 19:26:14
step_size_fixed,aberth_100,rootfind_stepsize_100,11,3599.904,10,30,3,2025-08-21 19:26:18
step_size_fixed,aberth_100,rootfind_stepsize_100,12,3609.360,10,30,3,2025-08-21 19:26:21
step_size_fixed,aberth_100,rootfind_stepsize_100,13,3587.449,10,30,3,2025-08-21 19:26:25
step_size_fixed,aberth_100,rootfind_stepsize_100,14,3596.026,10,30,3,2025-08-21 19:26:29
step_size_fixed,aberth_100,rootfind_stepsize_100,15,3581.594,10,30,3,2025-08-21 19:26:32
step_size_fixed,aberth_100,rootfind_stepsize_100,16,3575.367,10,30,3,2025-08-21 19:26:36
step_size_fixed,aberth_100,rootfind_stepsize_100,17,3539.667,10,30,3,2025-08-21 19:26:39
step_size_fixed,aberth_100,rootfind_stepsize_100,18,3661.193,10,30,3,2025-08-21 19:26:43
step_size_fixed,aberth_100,rootfind_stepsize_100,19,3638.673,10,30,3,2025-08-21 19:26:47
step_size_fixed,aberth_100,rootfind_stepsize_100,20,3697.513,10,30,3,2025-08-21 19:26:50
step_size_fixed,aberth_150,rootfind_stepsize_150,1,5195.048,10,30,3,2025-08-21 19:27:06
step_size_fixed,aberth_150,rootfind_stepsize_150,2,3945.237,10,30,3,2025-08-21 19:27:10
step_size_fixed,aberth_150,rootfind_stepsize_150,3,3744.989,10,30,3,2025-08-21 19:27:14
step_size_fixed,aberth_150,rootfind_stepsize_150,4,3733.682,10,30,3,2025-08-21 19:27:17
step_size_fixed,aberth_150,rootfind_stepsize_150,5,3802.769,10,30,3,2025-08-21 19:27:21
step_size_fixed,aberth_150,rootfind_stepsize_150,6,3732.708,10,30,3,2025-08-21 19:27:25
step_size_fixed,aberth_150,rootfind_stepsize_150,7,3762.532,10,30,3,2025-08-21 19:27:29
step_size_fixed,aberth_150,rootfind_stepsize_150,8,3769.669,10,30,3,2025-08-21 19:27:32
step_size_fixed,aberth_150,rootfind_stepsize_150,9,3747.705,10,30,3,2025-08-21 19:27:36
step_size_fixed,aberth_150,rootfind_stepsize_150,10,3753.099,10,30,3,2025-08-21 19:27:40
step_size_fixed,aberth_150,rootfind_stepsize_150,11,3790.891,10,30,3,2025-08-21 19:27:44
step_size_fixed,aberth_150,rootfind_stepsize_150,12,3781.801,10,30,3,2025-08-21 19:27:47
step_size_fixed,aberth_150,rootfind_stepsize_150,13,3794.921,10,30,3,2025-08-21 19:27:51
step_size_fixed,aberth_150,rootfind_stepsize_150,14,3867.117,10,30,3,2025-08-21 19:27:55
step_size_fixed,aberth_150,rootfind_stepsize_150,15,3858.310,10,30,3,2025-08-21 19:27:59
step_size_fixed,aberth_150,rootfind_stepsize_150,16,3804.927,10,30,3,2025-08-21 19:28:03
step_size_fixed,aberth_150,rootfind_stepsize_150,17,3884.076,10,30,3,2025-08-21 19:28:07
step_size_fixed,aberth_150,rootfind_stepsize_150,18,4003.188,10,30,3,2025-08-21 19:28:11
step_size_fixed,aberth_150,rootfind_stepsize_150,19,3847.569,10,30,3,2025-08-21 19:28:15
step_size_fixed,aberth_150,rootfind_stepsize_150,20,3897.477,10,30,3,2025-08-21 19:28:18
step_size_fixed,aberth_300,rootfind_stepsize_300,1,5902.901,10,30,3,2025-08-21 19:30:05
step_size_fixed,aberth_300,rootfind_stepsize_300,2,4341.563,10,30,3,2025-08-21 19:30:09
step_size_fixed,aberth_300,rootfind_stepsize_300,3,4118.338,10,30,3,2025-08-21 19:30:14
step_size_fixed,aberth_300,rootfind_stepsize_300,4,4044.276,10,30,3,2025-08-21 19:30:18
step_size_fixed,aberth_300,rootfind_stepsize_300,5,3997.725,10,30,3,2025-08-21 19:30:22
step_size_fixed,aberth_300,rootfind_stepsize_300,6,4091.126,10,30,3,2025-08-21 19:30:26
step_size_fixed,aberth_300,rootfind_stepsize_300,7,4103.393,10,30,3,2025-08-21 19:30:30
step_size_fixed,aberth_300,rootfind_stepsize_300,8,4174.372,10,30,3,2025-08-21 19:30:34
step_size_fixed,aberth_300,rootfind_stepsize_300,9,4154.591,10,30,3,2025-08-21 19:30:38
step_size_fixed,aberth_300,rootfind_stepsize_300,10,4175.598,10,30,3,2025-08-21 19:30:42
step_size_fixed,aberth_300,rootfind_stepsize_300,11,4210.009,10,30,3,2025-08-21 19:30:47
step_size_fixed,aberth_300,rootfind_stepsize_300,12,4233.057,10,30,3,2025-08-21 19:30:51
step_size_fixed,aberth_300,rootfind_stepsize_300,13,4220.259,10,30,3,2025-08-21 19:30:55
step_size_fixed,aberth_300,rootfind_stepsize_300,14,4385.297,10,30,3,2025-08-21 19:30:59
step_size_fixed,aberth_300,rootfind_stepsize_300,15,4262.405,10,30,3,2025-08-21 19:31:04
step_size_fixed,aberth_300,rootfind_stepsize_300,16,4246.126,10,30,3,2025-08-21 19:31:08
step_size_fixed,aberth_300,rootfind_stepsize_300,17,4291.636,10,30,3,2025-08-21 19:31:12
step_size_fixed,aberth_300,rootfind_stepsize_300,18,4281.675,10,30,3,2025-08-21 19:31:16
step_size_fixed,aberth_300,rootfind_stepsize_300,19,4350.411,10,30,3,2025-08-21 19:31:21
step_size_fixed,aberth_300,rootfind_stepsize_300,20,4313.166,10,30,3,2025-08-21 19:31:25
step_size_fixed,aberth_500,rootfind_stepsize_500,1,5776.355,10,30,3,2025-08-21 19:31:42
step_size_fixed,aberth_500,rootfind_stepsize_500,2,4727.261,10,30,3,2025-08-21 19:31:46
step_size_fixed,aberth_500,rootfind_stepsize_500,3,4392.884,10,30,3,2025-08-21 19:31:51
step_size_fixed,aberth_500,rootfind_stepsize_500,4,4440.847,10,30,3,2025-08-21 19:31:55
step_size_fixed,aberth_500,rootfind_stepsize_500,5,4987.709,10,30,3,2025-08-21 19:32:00
step_size_fixed,aberth_500,rootfind_stepsize_500,6,4942.653,10,30,3,2025-08-21 19:32:05
step_size_fixed,aberth_500,rootfind_stepsize_500,7,4967.591,10,30,3,2025-08-21 19:32:10
step_size_fixed,aberth_500,rootfind_stepsize_500,8,5041.928,10,30,3,2025-08-21 19:32:15
step_size_fixed,aberth_500,rootfind_stepsize_500,9,4974.950,10,30,3,2025-08-21 19:32:20
step_size_fixed,aberth_500,rootfind_stepsize_500,10,5160.873,10,30,3,2025-08-21 19:32:25
step_size_fixed,aberth_500,rootfind_stepsize_500,11,5048.979,10,30,3,2025-08-21 19:32:30
step_size_fixed,aberth_500,rootfind_stepsize_500,12,4364.410,10,30,3,2025-08-21 19:32:35
step_size_fixed,aberth_500,rootfind_stepsize_500,13,4455.748,10,30,3,2025-08-21 19:32:39
step_size_fixed,aberth_500,rootfind_stepsize_500,14,4403.360,10,30,3,2025-08-21 19:32:44
step_size_fixed,aberth_500,rootfind_stepsize_500,15,4473.559,10,30,3,2025-08-21 19:32:48
step_size_fixed,aberth_500,rootfind_stepsize_500,16,4562.494,10,30,3,2025-08-21 19:32:53
step_size_fixed,aberth_500,rootfind_stepsize_500,17,4454.678,10,30,3,2025-08-21 19:32:57
step_size_fixed,aberth_500,rootfind_stepsize_500,18,4508.208,10,30,3,2025-08-21 19:33:02
step_size_fixed,aberth_500,rootfind_stepsize_500,19,4573.524,10,30,3,2025-08-21 19:33:06
step_size_fixed,aberth_500,rootfind_stepsize_500,20,4509.326,10,30,3,2025-08-21 19:33:11
step_size_fixed,newton_050,rootfind_stepsize_050,1,18952.724,10,30,3,2025-08-21 19:43:01
step_size_fixed,newton_050,rootfind_stepsize_050,2,18393.514,10,30,3,2025-08-21 19:43:20
step_size_fixed,newton_050,rootfind_stepsize_050,3,17968.420,10,30,3,2025-08-21 19:43:38
step_size_fixed,newton_050,rootfind_stepsize_050,4,18126.297,10,30,3,2025-08-21 19:43:56
step_size_fixed,newton_050,rootfind_stepsize_050,5,17630.488,10,30,3,2025-08-21 19:44:14
step_size_fixed,newton_050,rootfind_stepsize_050,6,17728.717,10,30,3,2025-08-21 19:44:31
step_size_fixed,newton_050,rootfind_stepsize_050,7,18038.947,10,30,3,2025-08-21 19:44:49
step_size_fixed,newton_050,rootfind_stepsize_050,8,17750.669,10,30,3,2025-08-21 19:45:07
step_size_fixed,newton_050,rootfind_stepsize_050,9,17786.422,10,30,3,2025-08-21 19:45:25
step_size_fixed,newton_050,rootfind_stepsize_050,10,17284.467,10,30,3,2025-08-21 19:45:42
step_size_fixed,newton_050,rootfind_stepsize_050,11,17651.654,10,30,3,2025-08-21 19:46:00
step_size_fixed,newton_050,rootfind_stepsize_050,12,17306.346,10,30,3,2025-08-21 19:46:17
step_size_fixed,newton_050,rootfind_stepsize_050,13,17276.837,10,30,3,2025-08-21 19:46:34
step_size_fixed,newton_050,rootfind_stepsize_050,14,17515.472,10,30,3,2025-08-21 19:46:52
step_size_fixed,newton_050,rootfind_stepsize_050,15,17528.005,10,30,3,2025-08-21 19:47:09
step_size_fixed,newton_050,rootfind_stepsize_050,16,17389.916,10,30,3,2025-08-21 19:47:27
step_size_fixed,newton_050,rootfind_stepsize_050,17,17337.405,10,30,3,2025-08-21 19:47:44
step_size_fixed,newton_050,rootfind_stepsize_050,18,17651.311,10,30,3,2025-08-21 19:48:02
step_size_fixed,newton_050,rootfind_stepsize_050,19,17100.766,10,30,3,2025-08-21 19:48:19
step_size_fixed,newton_050,rootfind_stepsize_050,20,17201.421,10,30,3,2025-08-21 19:48:36
step_size_fixed,newton_075,rootfind_stepsize_075,1,20081.573,10,30,3,2025-08-21 19:49:07
step_size_fixed,newton_075,rootfind_stepsize_075,2,19879.512,10,30,3,2025-08-21 19:49:27
step_size_fixed,newton_075,rootfind_stepsize_075,3,19074.261,10,30,3,2025-08-21 19:49:46
step_size_fixed,newton_075,rootfind_stepsize_075,4,18969.788,10,30,3,2025-08-21 19:50:05
step_size_fixed,newton_075,rootfind_stepsize_075,5,18947.651,10,30,3,2025-08-21 19:50:24
step_size_fixed,newton_075,rootfind_stepsize_075,6,18438.855,10,30,3,2025-08-21 19:50:42
step_size_fixed,newton_075,rootfind_stepsize_075,7,19033.236,10,30,3,2025-08-21 19:51:01
step_size_fixed,newton_075,rootfind_stepsize_075,8,19073.269,10,30,3,2025-08-21 19:51:20
step_size_fixed,newton_075,rootfind_stepsize_075,9,18880.465,10,30,3,2025-08-21 19:51:39
step_size_fixed,newton_075,rootfind_stepsize_075,10,18702.799,10,30,3,2025-08-21 19:51:58
step_size_fixed,newton_075,rootfind_stepsize_075,11,19064.489,10,30,3,2025-08-21 19:52:17
step_size_fixed,newton_075,rootfind_stepsize_075,12,18906.660,10,30,3,2025-08-21 19:52:36
step_size_fixed,newton_075,rootfind_stepsize_075,13,18801.217,10,30,3,2025-08-21 19:52:55
step_size_fixed,newton_075,rootfind_stepsize_075,14,18842.193,10,30,3,2025-08-21 19:53:13
step_size_fixed,newton_075,rootfind_stepsize_075,15,19054.020,10,30,3,2025-08-21 19:53:32
step_size_fixed,newton_075,rootfind_stepsize_075,16,18940.117,10,30,3,2025-08-21 19:53:51
step_size_fixed,newton_075,rootfind_stepsize_075,17,18845.744,10,30,3,2025-08-21 19:54:10
step_size_fixed,newton_075,rootfind_stepsize_075,18,19035.673,10,30,3,2025-08-21 19:54:29
step_size_fixed,newton_075,rootfind_stepsize_075,19,18720.408,10,30,3,2025-08-21 19:54:48
step_size_fixed,newton_075,rootfind_stepsize_075,20,19184.696,10,30,3,2025-08-21 19:55:07
step_size_fixed,newton_100,rootfind_stepsize_100,1,19893.113,10,30,3,2025-08-21 19:55:38
step_size_fixed,newton_100,rootfind_stepsize_100,2,20973.967,10,30,3,2025-08-21 19:55:59
step_size_fixed,newton_100,rootfind_stepsize_100,3,18755.878,10,30,3,2025-08-21 19:56:17
step_size_fixed,newton_100,rootfind_stepsize_100,4,19375.278,10,30,3,2025-08-21 19:56:37
step_size_fixed,newton_100,rootfind_stepsize_100,5,18840.164,10,30,3,2025-08-21 19:56:56
step_size_fixed,newton_100,rootfind_stepsize_100,6,18761.000,10,30,3,2025-08-21 19:57:14
step_size_fixed,newton_100,rootfind_stepsize_100,7,18677.069,10,30,3,2025-08-21 19:57:33
step_size_fixed,newton_100,rootfind_stepsize_100,8,18310.590,10,30,3,2025-08-21 19:57:51
step_size_fixed,newton_100,rootfind_stepsize_100,9,18928.804,10,30,3,2025-08-21 19:58:10
step_size_fixed,newton_100,rootfind_stepsize_100,10,18994.112,10,30,3,2025-08-21 19:58:29
step_size_fixed,newton_100,rootfind_stepsize_100,11,18709.408,10,30,3,2025-08-21 19:58:48
step_size_fixed,newton_100,rootfind_stepsize_100,12,18854.717,10,30,3,2025-08-21 19:59:07
step_size_fixed,newton_100,rootfind_stepsize_100,13,18966.033,10,30,3,2025-08-21 19:59:26
step_size_fixed,newton_100,rootfind_stepsize_100,14,18572.502,10,30,3,2025-08-21 19:59:44
step_size_fixed,newton_100,rootfind_stepsize_100,15,18351.124,10,30,3,2025-08-21 20:00:03
step_size_fixed,newton_100,rootfind_stepsize_100,16,18315.585,10,30,3,2025-08-21 20:00:21
step_size_fixed,newton_100,rootfind_stepsize_100,17,18743.245,10,30,3,2025-08-21 20:00:40
step_size_fixed,newton_100,rootfind_stepsize_100,18,18483.062,10,30,3,2025-08-21 20:00:58
step_size_fixed,newton_100,rootfind_stepsize_100,19,18720.258,10,30,3,2025-08-21 20:01:17
step_size_fixed,newton_100,rootfind_stepsize_100,20,19156.470,10,30,3,2025-08-21 20:01:36
step_size_fixed,newton_150,rootfind_stepsize_150,1,20415.029,10,30,3,2025-08-21 20:02:07
step_size_fixed,newton_150,rootfind_stepsize_150,2,20054.071,10,30,3,2025-08-21 20:02:27
step_size_fixed,newton_150,rootfind_stepsize_150,3,20026.011,10,30,3,2025-08-21 20:02:47
step_size_fixed,newton_150,rootfind_stepsize_150,4,19971.020,10,30,3,2025-08-21 20:03:07
step_size_fixed,newton_150,rootfind_stepsize_150,5,19486.872,10,30,3,2025-08-21 20:03:27
step_size_fixed,newton_150,rootfind_stepsize_150,6,20104.453,10,30,3,2025-08-21 20:03:47
step_size_fixed,newton_150,rootfind_stepsize_150,7,19853.915,10,30,3,2025-08-21 20:04:07
step_size_fixed,newton_150,rootfind_stepsize_150,8,19034.455,10,30,3,2025-08-21 20:04:26
step_size_fixed,newton_150,rootfind_stepsize_150,9,19283.516,10,30,3,2025-08-21 20:04:45
step_size_fixed,newton_150,rootfind_stepsize_150,10,19689.717,10,30,3,2025-08-21 20:05:05
step_size_fixed,newton_150,rootfind_stepsize_150,11,19335.809,10,30,3,2025-08-21 20:05:24
step_size_fixed,newton_150,rootfind_stepsize_150,12,19485.753,10,30,3,2025-08-21 20:05:43
step_size_fixed,newton_150,rootfind_stepsize_150,13,19596.999,10,30,3,2025-08-21 20:06:03
step_size_fixed,newton_150,rootfind_stepsize_150,14,19460.765,10,30,3,2025-08-21 20:06:22
step_size_fixed,newton_150,rootfind_stepsize_150,15,19327.930,10,30,3,2025-08-21 20:06:42
step_size_fixed,newton_150,rootfind_stepsize_150,16,19611.832,10,30,3,2025-08-21 20:07:01
step_size_fixed,newton_150,rootfind_stepsize_150,17,19400.650,10,30,3,2025-08-21 20:07:21
step_size_fixed,newton_150,rootfind_stepsize_150,18,19460.823,10,30,3,2025-08-21 20:07:40
step_size_fixed,newton_150,rootfind_stepsize_150,19,19380.425,10,30,3,2025-08-21 20:08:00
step_size_fixed,newton_150,rootfind_stepsize_150,20,19384.075,10,30,3,2025-08-21 20:08:19
step_size_fixed,newton_300,rootfind_stepsize_300,1,23909.136,10,30,3,2025-08-21 20:08:54
step_size_fixed,newton_300,rootfind_stepsize_300,2,23383.699,10,30,3,2025-08-21 20:09:17
step_size_fixed,newton_300,rootfind_stepsize_300,3,23661.307,10,30,3,2025-08-21 20:09:41
step_size_fixed,newton_300,rootfind_stepsize_300,4,23530.905,10,30,3,2025-08-21 20:10:04
step_size_fixed,newton_300,rootfind_stepsize_300,5,23528.268,10,30,3,2025-08-21 20:10:28
step_size_fixed,newton_300,rootfind_stepsize_300,6,23645.563,10,30,3,2025-08-21 20:10:51
step_size_fixed,newton_300,rootfind_stepsize_300,7,23566.665,10,30,3,2025-08-21 20:11:15
step_size_fixed,newton_300,rootfind_stepsize_300,8,23649.052,10,30,3,2025-08-21 20:11:39
step_size_fixed,newton_300,rootfind_stepsize_300,9,23332.197,10,30,3,2025-08-21 20:12:02
step_size_fixed,newton_300,rootfind_stepsize_300,10,23707.836,10,30,3,2025-08-21 20:12:26
step_size_fixed,newton_300,rootfind_stepsize_300,11,23526.722,10,30,3,2025-08-21 20:12:49
step_size_fixed,newton_300,rootfind_stepsize_300,12,23427.207,10,30,3,2025-08-21 20:13:13
step_size_fixed,newton_300,rootfind_stepsize_300,13,23720.591,10,30,3,2025-08-21 20:13:36
step_size_fixed,newton_300,rootfind_stepsize_300,14,23547.091,10,30,3,2025-08-21 20:14:00
step_size_fixed,newton_300,rootfind_stepsize_300,15,23513.630,10,30,3,2025-08-21 20:14:23
step_size_fixed,newton_300,rootfind_stepsize_300,16,23813.596,10,30,3,2025-08-21 20:14:47
step_size_fixed,newton_300,rootfind_stepsize_300,17,23307.948,10,30,3,2025-08-21 20:15:10
step_size_fixed,newton_300,rootfind_stepsize_300,18,23435.185,10,30,3,2025-08-21 20:15:34
step_size_fixed,newton_300,rootfind_stepsize_300,19,23371.012,10,30,3,2025-08-21 20:15:57
step_size_fixed,newton_300,rootfind_stepsize_300,20,23433.934,10,30,3,2025-08-21 20:16:21
step_size_fixed,newton_500,rootfind_stepsize_500,1,23119.255,10,30,3,2025-08-21 20:16:54
step_size_fixed,newton_500,rootfind_stepsize_500,2,23125.372,10,30,3,2025-08-21 20:17:18
step_size_fixed,newton_500,rootfind_stepsize_500,3,22542.992,10,30,3,2025-08-21 20:17:40
step_size_fixed,newton_500,rootfind_stepsize_500,4,22373.636,10,30,3,2025-08-21 20:18:03
step_size_fixed,newton_500,rootfind_stepsize_500,5,22366.605,10,30,3,2025-08-21 20:18:25
step_size_fixed,newton_500,rootfind_stepsize_500,6,22138.001,10,30,3,2025-08-21 20:18:47
step_size_fixed,newton_500,rootfind_stepsize_500,7,22291.862,10,30,3,2025-08-21 20:19:09
step_size_fixed,newton_500,rootfind_stepsize_500,8,22128.718,10,30,3,2025-08-21 20:19:31
step_size_fixed,newton_500,rootfind_stepsize_500,9,22076.370,10,30,3,2025-08-21 20:19:54
step_size_fixed,newton_500,rootfind_stepsize_500,10,22262.385,10,30,3,2025-08-21 20:20:16
step_size_fixed,newton_500,rootfind_stepsize_500,11,22151.347,10,30,3,2025-08-21 20:20:38
step_size_fixed,newton_500,rootfind_stepsize_500,12,22213.198,10,30,3,2025-08-21 20:21:00
step_size_fixed,newton_500,rootfind_stepsize_500,13,22170.776,10,30,3,2025-08-21 20:21:22
step_size_fixed,newton_500,rootfind_stepsize_500,14,22141.202,10,30,3,2025-08-21 20:21:44
step_size_fixed,newton_500,rootfind_stepsize_500,15,21936.123,10,30,3,2025-08-21 20:22:06
step_size_fixed,newton_500,rootfind_stepsize_500,16,22193.019,10,30,3,2025-08-21 20:22:29
step_size_fixed,newton_500,rootfind_stepsize_500,17,22200.188,10,30,3,2025-08-21 20:22:51
step_size_fixed,newton_500,rootfind_stepsize_500,18,22357.338,10,30,3,2025-08-21 20:23:13
step_size_fixed,newton_500,rootfind_stepsize_500,19,22269.606,10,30,3,2025-08-21 20:23:35
step_size_fixed,newton_500,rootfind_stepsize_500,20,22085.692,10,30,3,2025-08-21 20:23:58
zstep_size_fixed,jenkins_050,rootfind_stepsize_050,1,39654.956,10,30,3,2025-08-21 20:58:39
step_size_fixed,jenkins_050,rootfind_stepsize_050,2,38001.929,10,30,3,2025-08-21 20:59:17
step_size_fixed,jenkins_050,rootfind_stepsize_050,3,36869.150,10,30,3,2025-08-21 20:59:54
step_size_fixed,jenkins_050,rootfind_stepsize_050,4,37011.736,10,30,3,2025-08-21 21:00:31
step_size_fixed,jenkins_050,rootfind_stepsize_050,5,36889.780,10,30,3,2025-08-21 21:01:08
step_size_fixed,jenkins_050,rootfind_stepsize_050,6,37217.540,10,30,3,2025-08-21 21:01:45
step_size_fixed,jenkins_050,rootfind_stepsize_050,7,39360.196,10,30,3,2025-08-21 21:02:53
step_size_fixed,jenkins_050,rootfind_stepsize_050,8,37449.970,10,30,3,2025-08-21 21:03:31
step_size_fixed,jenkins_050,rootfind_stepsize_050,9,36843.140,10,30,3,2025-08-21 21:04:08
step_size_fixed,jenkins_050,rootfind_stepsize_050,10,37403.097,10,30,3,2025-08-21 21:04:45
step_size_fixed,jenkins_050,rootfind_stepsize_050,11,36166.677,10,30,3,2025-08-21 21:05:21
step_size_fixed,jenkins_050,rootfind_stepsize_050,12,35834.350,10,30,3,2025-08-21 21:05:57
step_size_fixed,jenkins_050,rootfind_stepsize_050,13,36544.771,10,30,3,2025-08-21 21:06:34
step_size_fixed,jenkins_050,rootfind_stepsize_050,14,36990.536,10,30,3,2025-08-21 21:07:11
step_size_fixed,jenkins_050,rootfind_stepsize_050,15,36260.075,10,30,3,2025-08-21 21:07:47
step_size_fixed,jenkins_050,rootfind_stepsize_050,16,36099.046,10,30,3,2025-08-21 21:08:23
step_size_fixed,jenkins_050,rootfind_stepsize_050,17,36053.280,10,30,3,2025-08-21 21:08:59
step_size_fixed,jenkins_050,rootfind_stepsize_050,18,35667.388,10,30,3,2025-08-21 21:09:35
step_size_fixed,jenkins_050,rootfind_stepsize_050,19,36576.277,10,30,3,2025-08-21 21:10:11
step_size_fixed,jenkins_050,rootfind_stepsize_050,20,36062.179,10,30,3,2025-08-21 21:10:47
step_size_fixed,jenkins_075,rootfind_stepsize_075,1,38659.141,10,30,3,2025-08-21 21:11:36
step_size_fixed,jenkins_075,rootfind_stepsize_075,2,39812.913,10,30,3,2025-08-21 21:12:16
step_size_fixed,jenkins_075,rootfind_stepsize_075,3,39281.613,10,30,3,2025-08-21 21:12:55
step_size_fixed,jenkins_075,rootfind_stepsize_075,4,39492.352,10,30,3,2025-08-21 21:13:35
step_size_fixed,jenkins_075,rootfind_stepsize_075,5,38979.481,10,30,3,2025-08-21 21:14:14
step_size_fixed,jenkins_075,rootfind_stepsize_075,6,38817.369,10,30,3,2025-08-21 21:14:53
step_size_fixed,jenkins_075,rootfind_stepsize_075,7,38146.841,10,30,3,2025-08-21 21:15:31
step_size_fixed,jenkins_075,rootfind_stepsize_075,8,37837.248,10,30,3,2025-08-21 21:16:09
step_size_fixed,jenkins_075,rootfind_stepsize_075,9,38207.299,10,30,3,2025-08-21 21:16:47
step_size_fixed,jenkins_075,rootfind_stepsize_075,10,38384.749,10,30,3,2025-08-21 21:17:25
step_size_fixed,jenkins_075,rootfind_stepsize_075,11,38110.517,10,30,3,2025-08-21 21:18:03
step_size_fixed,jenkins_075,rootfind_stepsize_075,12,37567.621,10,30,3,2025-08-21 21:18:41
step_size_fixed,jenkins_075,rootfind_stepsize_075,13,38482.133,10,30,3,2025-08-21 21:19:20
step_size_fixed,jenkins_075,rootfind_stepsize_075,14,39040.892,10,30,3,2025-08-21 21:19:59
step_size_fixed,jenkins_075,rootfind_stepsize_075,15,38310.616,10,30,3,2025-08-21 21:20:37
step_size_fixed,jenkins_075,rootfind_stepsize_075,16,37861.820,10,30,3,2025-08-21 21:21:15
step_size_fixed,jenkins_075,rootfind_stepsize_075,17,37357.326,10,30,3,2025-08-21 21:21:52
step_size_fixed,jenkins_075,rootfind_stepsize_075,18,37846.938,10,30,3,2025-08-21 21:22:30
step_size_fixed,jenkins_075,rootfind_stepsize_075,19,38046.498,10,30,3,2025-08-21 21:23:08
step_size_fixed,jenkins_075,rootfind_stepsize_075,20,36402.021,10,30,3,2025-08-21 21:23:44
step_size_fixed,jenkins_100,rootfind_stepsize_100,1,40409.951,10,30,3,2025-08-21 21:24:35
step_size_fixed,jenkins_100,rootfind_stepsize_100,2,40049.316,10,30,3,2025-08-21 21:25:15
step_size_fixed,jenkins_100,rootfind_stepsize_100,3,38593.192,10,30,3,2025-08-21 21:25:54
step_size_fixed,jenkins_100,rootfind_stepsize_100,4,38549.881,10,30,3,2025-08-21 21:26:32
step_size_fixed,jenkins_100,rootfind_stepsize_100,5,38722.772,10,30,3,2025-08-21 21:27:11
step_size_fixed,jenkins_100,rootfind_stepsize_100,6,38714.777,10,30,3,2025-08-21 21:27:50
step_size_fixed,jenkins_100,rootfind_stepsize_100,7,38398.435,10,30,3,2025-08-21 21:28:28
step_size_fixed,jenkins_100,rootfind_stepsize_100,8,37092.400,10,30,3,2025-08-21 21:29:05
step_size_fixed,jenkins_100,rootfind_stepsize_100,9,40808.268,10,30,3,2025-08-21 21:30:33
step_size_fixed,jenkins_100,rootfind_stepsize_100,10,38479.475,10,30,3,2025-08-21 21:31:12
step_size_fixed,jenkins_100,rootfind_stepsize_100,11,38188.433,10,30,3,2025-08-21 21:31:50
step_size_fixed,jenkins_100,rootfind_stepsize_100,12,38748.147,10,30,3,2025-08-21 21:32:29
step_size_fixed,jenkins_100,rootfind_stepsize_100,13,38638.580,10,30,3,2025-08-21 21:33:07
step_size_fixed,jenkins_100,rootfind_stepsize_100,14,37898.812,10,30,3,2025-08-21 21:33:45
step_size_fixed,jenkins_100,rootfind_stepsize_100,15,37356.680,10,30,3,2025-08-21 21:34:23
step_size_fixed,jenkins_100,rootfind_stepsize_100,16,37768.029,10,30,3,2025-08-21 21:35:00
step_size_fixed,jenkins_100,rootfind_stepsize_100,17,37064.282,10,30,3,2025-08-21 21:35:37
step_size_fixed,jenkins_100,rootfind_stepsize_100,18,38569.677,10,30,3,2025-08-21 21:36:16
step_size_fixed,jenkins_100,rootfind_stepsize_100,19,38067.397,10,30,3,2025-08-21 21:36:54
step_size_fixed,jenkins_100,rootfind_stepsize_100,20,37085.665,10,30,3,2025-08-21 21:37:31
step_size_fixed,jenkins_150,rootfind_stepsize_150,1,40528.306,10,30,3,2025-08-21 21:38:22
step_size_fixed,jenkins_150,rootfind_stepsize_150,2,39330.378,10,30,3,2025-08-21 21:39:01
step_size_fixed,jenkins_150,rootfind_stepsize_150,3,38435.449,10,30,3,2025-08-21 21:39:40
step_size_fixed,jenkins_150,rootfind_stepsize_150,4,38838.533,10,30,3,2025-08-21 21:40:19
step_size_fixed,jenkins_150,rootfind_stepsize_150,5,37929.082,10,30,3,2025-08-21 21:40:57
step_size_fixed,jenkins_150,rootfind_stepsize_150,6,38940.728,10,30,3,2025-08-21 21:41:35
step_size_fixed,jenkins_150,rootfind_stepsize_150,7,38818.028,10,30,3,2025-08-21 21:42:14
step_size_fixed,jenkins_150,rootfind_stepsize_150,9,38542.426,10,30,3,2025-08-21 21:43:31
step_size_fixed,jenkins_150,rootfind_stepsize_150,10,38424.007,10,30,3,2025-08-21 21:44:10
step_size_fixed,jenkins_150,rootfind_stepsize_150,11,37775.246,10,30,3,2025-08-21 21:44:48
step_size_fixed,jenkins_150,rootfind_stepsize_150,12,36919.783,10,30,3,2025-08-21 21:45:25
step_size_fixed,jenkins_150,rootfind_stepsize_150,13,37601.645,10,30,3,2025-08-21 21:46:02
step_size_fixed,jenkins_150,rootfind_stepsize_150,14,36519.158,10,30,3,2025-08-21 21:46:39
step_size_fixed,jenkins_150,rootfind_stepsize_150,14,41004.071,10,30,3,2025-08-21 21:48:25
step_size_fixed,jenkins_150,rootfind_stepsize_150,15,40422.342,10,30,3,2025-08-21 21:49:05
step_size_fixed,jenkins_150,rootfind_stepsize_150,16,40043.369,10,30,3,2025-08-21 21:49:45
step_size_fixed,jenkins_150,rootfind_stepsize_150,17,39474.639,10,30,3,2025-08-21 21:50:25
step_size_fixed,jenkins_150,rootfind_stepsize_150,18,39326.714,10,30,3,2025-08-21 21:51:04
step_size_fixed,jenkins_150,rootfind_stepsize_150,19,38812.861,10,30,3,2025-08-21 21:51:43
step_size_fixed,jenkins_150,rootfind_stepsize_150,20,39022.927,10,30,3,2025-08-21 21:52:22
step_size_fixed,jenkins_300,rootfind_stepsize_300,1,45018.972,10,30,3,2025-08-21 21:53:17
step_size_fixed,jenkins_300,rootfind_stepsize_300,2,44367.498,10,30,3,2025-08-21 21:54:02
step_size_fixed,jenkins_300,rootfind_stepsize_300,3,43505.124,10,30,3,2025-08-21 21:54:45
step_size_fixed,jenkins_300,rootfind_stepsize_300,4,42933.894,10,30,3,2025-08-21 21:55:28
step_size_fixed,jenkins_300,rootfind_stepsize_300,5,42801.731,10,30,3,2025-08-21 21:56:11
step_size_fixed,jenkins_300,rootfind_stepsize_300,6,44937.921,10,30,3,2025-08-21 21:56:56
step_size_fixed,jenkins_300,rootfind_stepsize_300,7,42597.254,10,30,3,2025-08-21 21:57:38
step_size_fixed,jenkins_300,rootfind_stepsize_300,8,42545.882,10,30,3,2025-08-21 21:58:21
step_size_fixed,jenkins_300,rootfind_stepsize_300,9,42753.993,10,30,3,2025-08-21 21:59:04
step_size_fixed,jenkins_300,rootfind_stepsize_300,10,43080.683,10,30,3,2025-08-21 21:59:47
step_size_fixed,jenkins_300,rootfind_stepsize_300,11,43105.908,10,30,3,2025-08-21 22:00:30
step_size_fixed,jenkins_300,rootfind_stepsize_300,12,43240.606,10,30,3,2025-08-21 22:01:13
step_size_fixed,jenkins_300,rootfind_stepsize_300,13,43230.385,10,30,3,2025-08-21 22:01:56
step_size_fixed,jenkins_300,rootfind_stepsize_300,14,42862.390,10,30,3,2025-08-21 22:02:39
step_size_fixed,jenkins_300,rootfind_stepsize_300,15,42830.531,10,30,3,2025-08-21 22:03:22
step_size_fixed,jenkins_300,rootfind_stepsize_300,16,42564.858,10,30,3,2025-08-21 22:04:05
step_size_fixed,jenkins_300,rootfind_stepsize_300,17,42725.672,10,30,3,2025-08-21 22:04:47
step_size_fixed,jenkins_300,rootfind_stepsize_300,18,42593.064,10,30,3,2025-08-21 22:05:30
step_size_fixed,jenkins_300,rootfind_stepsize_300,19,43428.975,10,30,3,2025-08-21 22:06:13
step_size_fixed,jenkins_300,rootfind_stepsize_300,20,42242.596,10,30,3,2025-08-21 22:06:56
step_size_fixed,jenkins_500,rootfind_stepsize_500,1,45065.592,10,30,3,2025-08-21 22:07:51
step_size_fixed,jenkins_500,rootfind_stepsize_500,2,43797.304,10,30,3,2025-08-21 22:08:35
step_size_fixed,jenkins_500,rootfind_stepsize_500,3,43280.332,10,30,3,2025-08-21 22:09:18
step_size_fixed,jenkins_500,rootfind_stepsize_500,4,43093.951,10,30,3,2025-08-21 22:10:01
step_size_fixed,jenkins_500,rootfind_stepsize_500,5,42579.574,10,30,3,2025-08-21 22:10:44
step_size_fixed,jenkins_500,rootfind_stepsize_500,6,43282.778,10,30,3,2025-08-21 22:11:27
step_size_fixed,jenkins_500,rootfind_stepsize_500,7,42811.035,10,30,3,2025-08-21 22:12:10
step_size_fixed,jenkins_500,rootfind_stepsize_500,8,43111.187,10,30,3,2025-08-21 22:12:53
step_size_fixed,jenkins_500,rootfind_stepsize_500,9,43260.627,10,30,3,2025-08-21 22:13:36
step_size_fixed,jenkins_500,rootfind_stepsize_500,10,42948.074,10,30,3,2025-08-21 22:14:19
step_size_fixed,jenkins_500,rootfind_stepsize_500,11,42898.491,10,30,3,2025-08-21 22:15:02
step_size_fixed,jenkins_500,rootfind_stepsize_500,12,43397.340,10,30,3,2025-08-21 22:15:46
step_size_fixed,jenkins_500,rootfind_stepsize_500,13,42793.388,10,30,3,2025-08-21 22:16:28
step_size_fixed,jenkins_500,rootfind_stepsize_500,14,43192.479,10,30,3,2025-08-21 22:17:12
step_size_fixed,jenkins_500,rootfind_stepsize_500,15,42633.391,10,30,3,2025-08-21 22:17:54
step_size_fixed,jenkins_500,rootfind_stepsize_500,16,42563.244,10,30,3,2025-08-21 22:18:37
step_size_fixed,jenkins_500,rootfind_stepsize_500,17,42968.378,10,30,3,2025-08-21 22:19:20
step_size_fixed,jenkins_500,rootfind_stepsize_500,18,42586.907,10,30,3,2025-08-21 22:20:02
step_size_fixed,jenkins_500,rootfind_stepsize_500,19,42838.857,10,30,3,2025-08-21 22:20:45
step_size_fixed,jenkins_500,rootfind_stepsize_500,20,43193.106,10,30,3,2025-08-21 22:21:28
